Week,Pot,Date of Plating,Date of CR morphotype ID,Subsample,Sample ID,Isolate,CRScore
0,1,6/18/2015,6/25/2015,1,C1.0.1,1,NA
0,1,6/18/2015,6/25/2015,1,C1.0.1,2,NA
0,1,6/18/2015,6/25/2015,1,C1.0.1,3,NA
0,1,6/18/2015,6/25/2015,1,C1.0.1,4,NA
0,1,6/18/2015,6/25/2015,1,C1.0.1,5,NA
0,1,6/18/2015,6/25/2015,1,C1.0.1,6,NA
0,1,6/18/2015,6/25/2015,1,C1.0.1,7,NA
0,1,6/18/2015,6/25/2015,1,C1.0.1,8,NA
0,1,6/18/2015,6/25/2015,2,C1.0.2,1,NA
0,1,6/18/2015,6/25/2015,2,C1.0.2,2,NA
0,1,6/18/2015,6/25/2015,2,C1.0.2,3,NA
0,1,6/18/2015,6/25/2015,2,C1.0.2,4,NA
0,1,6/18/2015,6/25/2015,2,C1.0.2,5,NA
0,1,6/18/2015,6/25/2015,2,C1.0.2,6,NA
0,1,6/18/2015,6/25/2015,2,C1.0.2,7,NA
0,1,6/18/2015,6/25/2015,2,C1.0.2,8,NA
0,2,6/18/2015,6/25/2015,1,C2.0.1,1,NA
0,2,6/18/2015,6/25/2015,1,C2.0.1,2,NA
0,2,6/18/2015,6/25/2015,1,C2.0.1,3,NA
0,2,6/18/2015,6/25/2015,1,C2.0.1,4,NA
0,2,6/18/2015,6/25/2015,1,C2.0.1,5,NA
0,2,6/18/2015,6/25/2015,1,C2.0.1,6,NA
0,2,6/18/2015,6/25/2015,1,C2.0.1,7,NA
0,2,6/18/2015,6/25/2015,1,C2.0.1,8,NA
0,2,6/18/2015,6/25/2015,2,C2.0.2,1,NA
0,2,6/18/2015,6/25/2015,2,C2.0.2,2,NA
0,2,6/18/2015,6/25/2015,2,C2.0.2,3,NA
0,2,6/18/2015,6/25/2015,2,C2.0.2,4,NA
0,2,6/18/2015,6/25/2015,2,C2.0.2,5,NA
0,2,6/18/2015,6/25/2015,2,C2.0.2,6,NA
0,2,6/18/2015,6/25/2015,2,C2.0.2,7,NA
0,2,6/18/2015,6/25/2015,2,C2.0.2,8,NA
0,3,6/18/2015,6/25/2015,1,C3.0.1,1,4
0,3,6/18/2015,6/25/2015,1,C3.0.1,2,5
0,3,6/18/2015,6/25/2015,1,C3.0.1,3,4
0,3,6/18/2015,6/25/2015,1,C3.0.1,4,4
0,3,6/18/2015,6/25/2015,1,C3.0.1,5,4
0,3,6/18/2015,6/25/2015,1,C3.0.1,6,4
0,3,6/18/2015,6/25/2015,1,C3.0.1,7,4
0,3,6/18/2015,6/25/2015,1,C3.0.1,8,4
0,3,6/18/2015,6/25/2015,2,C3.0.2,1,3
0,3,6/18/2015,6/25/2015,2,C3.0.2,2,3
0,3,6/18/2015,6/25/2015,2,C3.0.2,3,3
0,3,6/18/2015,6/25/2015,2,C3.0.2,4,5
0,3,6/18/2015,6/25/2015,2,C3.0.2,5,4
0,3,6/18/2015,6/25/2015,2,C3.0.2,6,5
0,3,6/18/2015,6/25/2015,2,C3.0.2,7,3
0,3,6/18/2015,6/25/2015,2,C3.0.2,8,3
0,4,6/18/2015,6/25/2015,1,C4.0.1,1,3
0,4,6/18/2015,6/25/2015,1,C4.0.1,2,3
0,4,6/18/2015,6/25/2015,1,C4.0.1,3,5
0,4,6/18/2015,6/25/2015,1,C4.0.1,4,5
0,4,6/18/2015,6/25/2015,1,C4.0.1,5,4
0,4,6/18/2015,6/25/2015,1,C4.0.1,6,3
0,4,6/18/2015,6/25/2015,1,C4.0.1,7,5
0,4,6/18/2015,6/25/2015,1,C4.0.1,8,5
0,4,6/18/2015,6/25/2015,2,C4.0.2,1,3
0,4,6/18/2015,6/25/2015,2,C4.0.2,2,3
0,4,6/18/2015,6/25/2015,2,C4.0.2,3,4
0,4,6/18/2015,6/25/2015,2,C4.0.2,4,4
0,4,6/18/2015,6/25/2015,2,C4.0.2,5,5
0,4,6/18/2015,6/25/2015,2,C4.0.2,6,5
0,4,6/18/2015,6/25/2015,2,C4.0.2,7,3
0,4,6/18/2015,6/25/2015,2,C4.0.2,8,4
0,5,6/18/2015,6/25/2015,1,C5.0.1,1,3
0,5,6/18/2015,6/25/2015,1,C5.0.1,2,3
0,5,6/18/2015,6/25/2015,1,C5.0.1,3,4
0,5,6/18/2015,6/25/2015,1,C5.0.1,4,3
0,5,6/18/2015,6/25/2015,1,C5.0.1,5,3
0,5,6/18/2015,6/25/2015,1,C5.0.1,6,3
0,5,6/18/2015,6/25/2015,1,C5.0.1,7,3
0,5,6/18/2015,6/25/2015,1,C5.0.1,8,5
0,5,6/18/2015,6/25/2015,2,C5.0.2,1,3
0,5,6/18/2015,6/25/2015,2,C5.0.2,2,4
0,5,6/18/2015,6/25/2015,2,C5.0.2,3,3
0,5,6/18/2015,6/25/2015,2,C5.0.2,4,3
0,5,6/18/2015,6/25/2015,2,C5.0.2,5,4
0,5,6/18/2015,6/25/2015,2,C5.0.2,6,3
0,5,6/18/2015,6/25/2015,2,C5.0.2,7,3
0,5,6/18/2015,6/25/2015,2,C5.0.2,8,4
0,6,6/18/2015,6/25/2015,1,C6.0.1,1,3
0,6,6/18/2015,6/25/2015,1,C6.0.1,2,5
0,6,6/18/2015,6/25/2015,1,C6.0.1,3,3
0,6,6/18/2015,6/25/2015,1,C6.0.1,4,5
0,6,6/18/2015,6/25/2015,1,C6.0.1,5,3
0,6,6/18/2015,6/25/2015,1,C6.0.1,6,3
0,6,6/18/2015,6/25/2015,1,C6.0.1,7,3
0,6,6/18/2015,6/25/2015,1,C6.0.1,8,3
0,6,6/18/2015,6/25/2015,2,C6.0.2,1,5
0,6,6/18/2015,6/25/2015,2,C6.0.2,2,5
0,6,6/18/2015,6/25/2015,2,C6.0.2,3,5
0,6,6/18/2015,6/25/2015,2,C6.0.2,4,5
0,6,6/18/2015,6/25/2015,2,C6.0.2,5,5
0,6,6/18/2015,6/25/2015,2,C6.0.2,6,5
0,6,6/18/2015,6/25/2015,2,C6.0.2,7,3
0,6,6/18/2015,6/25/2015,2,C6.0.2,8,3
0,15,6/18/2015,6/25/2015,1,C15.0.1,1,NA
0,15,6/18/2015,6/25/2015,1,C15.0.1,2,NA
0,15,6/18/2015,6/25/2015,1,C15.0.1,3,NA
0,15,6/18/2015,6/25/2015,1,C15.0.1,4,NA
0,15,6/18/2015,6/25/2015,1,C15.0.1,5,NA
0,15,6/18/2015,6/25/2015,1,C15.0.1,6,NA
0,15,6/18/2015,6/25/2015,1,C15.0.1,7,NA
0,15,6/18/2015,6/25/2015,1,C15.0.1,8,NA
0,15,6/18/2015,6/25/2015,2,C15.0.2,1,NA
0,15,6/18/2015,6/25/2015,2,C15.0.2,2,NA
0,15,6/18/2015,6/25/2015,2,C15.0.2,3,NA
0,15,6/18/2015,6/25/2015,2,C15.0.2,4,NA
0,15,6/18/2015,6/25/2015,2,C15.0.2,5,NA
0,15,6/18/2015,6/25/2015,2,C15.0.2,6,NA
0,15,6/18/2015,6/25/2015,2,C15.0.2,7,NA
0,15,6/18/2015,6/25/2015,2,C15.0.2,8,NA
0,16,6/18/2015,6/25/2015,1,C16.0.1,1,NA
0,16,6/18/2015,6/25/2015,1,C16.0.1,2,NA
0,16,6/18/2015,6/25/2015,1,C16.0.1,3,NA
0,16,6/18/2015,6/25/2015,1,C16.0.1,4,NA
0,16,6/18/2015,6/25/2015,1,C16.0.1,5,NA
0,16,6/18/2015,6/25/2015,1,C16.0.1,6,NA
0,16,6/18/2015,6/25/2015,1,C16.0.1,7,NA
0,16,6/18/2015,6/25/2015,1,C16.0.1,8,NA
0,16,6/18/2015,6/25/2015,2,C16.0.2,1,NA
0,16,6/18/2015,6/25/2015,2,C16.0.2,2,NA
0,16,6/18/2015,6/25/2015,2,C16.0.2,3,NA
0,16,6/18/2015,6/25/2015,2,C16.0.2,4,NA
0,16,6/18/2015,6/25/2015,2,C16.0.2,5,NA
0,16,6/18/2015,6/25/2015,2,C16.0.2,6,NA
0,16,6/18/2015,6/25/2015,2,C16.0.2,7,NA
0,16,6/18/2015,6/25/2015,2,C16.0.2,8,NA
0,17,6/18/2015,6/25/2015,1,C17.0.1,1,3
0,17,6/18/2015,6/25/2015,1,C17.0.1,2,3
0,17,6/18/2015,6/25/2015,1,C17.0.1,3,4
0,17,6/18/2015,6/25/2015,1,C17.0.1,4,3
0,17,6/18/2015,6/25/2015,1,C17.0.1,5,4
0,17,6/18/2015,6/25/2015,1,C17.0.1,6,3
0,17,6/18/2015,6/25/2015,1,C17.0.1,7,3
0,17,6/18/2015,6/25/2015,1,C17.0.1,8,3
0,17,6/18/2015,6/25/2015,2,C17.0.2,1,5
0,17,6/18/2015,6/25/2015,2,C17.0.2,2,4
0,17,6/18/2015,6/25/2015,2,C17.0.2,3,3
0,17,6/18/2015,6/25/2015,2,C17.0.2,4,5
0,17,6/18/2015,6/25/2015,2,C17.0.2,5,5
0,17,6/18/2015,6/25/2015,2,C17.0.2,6,5
0,17,6/18/2015,6/25/2015,2,C17.0.2,7,4
0,17,6/18/2015,6/25/2015,2,C17.0.2,8,5
0,18,6/18/2015,6/25/2015,1,C18.0.1,1,3
0,18,6/18/2015,6/25/2015,1,C18.0.1,2,3
0,18,6/18/2015,6/25/2015,1,C18.0.1,3,3
0,18,6/18/2015,6/25/2015,1,C18.0.1,4,3
0,18,6/18/2015,6/25/2015,1,C18.0.1,5,3
0,18,6/18/2015,6/25/2015,1,C18.0.1,6,3
0,18,6/18/2015,6/25/2015,1,C18.0.1,7,3
0,18,6/18/2015,6/25/2015,1,C18.0.1,8,3
0,18,6/18/2015,6/25/2015,2,C18.0.2,1,NA
0,18,6/18/2015,6/25/2015,2,C18.0.2,2,5
0,18,6/18/2015,6/25/2015,2,C18.0.2,3,3
0,18,6/18/2015,6/25/2015,2,C18.0.2,4,3
0,18,6/18/2015,6/25/2015,2,C18.0.2,5,5
0,18,6/18/2015,6/25/2015,2,C18.0.2,6,3
0,18,6/18/2015,6/25/2015,2,C18.0.2,7,3
0,18,6/18/2015,6/25/2015,2,C18.0.2,8,3
0,19,6/18/2015,6/25/2015,1,C19.0.1,1,3
0,19,6/18/2015,6/25/2015,1,C19.0.1,2,5
0,19,6/18/2015,6/25/2015,1,C19.0.1,3,3
0,19,6/18/2015,6/25/2015,1,C19.0.1,4,4
0,19,6/18/2015,6/25/2015,1,C19.0.1,5,5
0,19,6/18/2015,6/25/2015,1,C19.0.1,6,4
0,19,6/18/2015,6/25/2015,1,C19.0.1,7,5
0,19,6/18/2015,6/25/2015,1,C19.0.1,8,5
0,19,6/18/2015,6/25/2015,2,C19.0.2,1,3
0,19,6/18/2015,6/25/2015,2,C19.0.2,2,4
0,19,6/18/2015,6/25/2015,2,C19.0.2,3,3
0,19,6/18/2015,6/25/2015,2,C19.0.2,4,3
0,19,6/18/2015,6/25/2015,2,C19.0.2,5,3
0,19,6/18/2015,6/25/2015,2,C19.0.2,6,3
0,19,6/18/2015,6/25/2015,2,C19.0.2,7,4
0,19,6/18/2015,6/25/2015,2,C19.0.2,8,3
0,20,6/18/2015,6/25/2015,1,C20.0.1,1,4
0,20,6/18/2015,6/25/2015,1,C20.0.1,2,3
0,20,6/18/2015,6/25/2015,1,C20.0.1,3,5
0,20,6/18/2015,6/25/2015,1,C20.0.1,4,5
0,20,6/18/2015,6/25/2015,1,C20.0.1,5,4
0,20,6/18/2015,6/25/2015,1,C20.0.1,6,3
0,20,6/18/2015,6/25/2015,1,C20.0.1,7,3
0,20,6/18/2015,6/25/2015,1,C20.0.1,8,5
0,20,6/18/2015,6/25/2015,2,C20.0.2,1,3
0,20,6/18/2015,6/25/2015,2,C20.0.2,2,5
0,20,6/18/2015,6/25/2015,2,C20.0.2,3,4
0,20,6/18/2015,6/25/2015,2,C20.0.2,4,4
0,20,6/18/2015,6/25/2015,2,C20.0.2,5,4
0,20,6/18/2015,6/25/2015,2,C20.0.2,6,4
0,20,6/18/2015,6/25/2015,2,C20.0.2,7,4
0,20,6/18/2015,6/25/2015,2,C20.0.2,8,4
1,1,6/25/2015,7/1/2015,1,C1.1.1,1,NA
1,1,6/25/2015,7/1/2015,1,C1.1.1,2,NA
1,1,6/25/2015,7/1/2015,1,C1.1.1,3,NA
1,1,6/25/2015,7/1/2015,1,C1.1.1,4,NA
1,1,6/25/2015,7/1/2015,1,C1.1.1,5,NA
1,1,6/25/2015,7/1/2015,1,C1.1.1,6,NA
1,1,6/25/2015,7/1/2015,2,C1.1.2,1,NA
1,1,6/25/2015,7/1/2015,2,C1.1.2,2,NA
1,1,6/25/2015,7/1/2015,2,C1.1.2,3,NA
1,1,6/25/2015,7/1/2015,2,C1.1.2,4,NA
1,1,6/25/2015,7/1/2015,2,C1.1.2,5,NA
1,1,6/25/2015,7/1/2015,2,C1.1.2,6,NA
1,2,6/25/2015,7/1/2015,1,C2.1.1,1,NA
1,2,6/25/2015,7/1/2015,1,C2.1.1,2,NA
1,2,6/25/2015,7/1/2015,1,C2.1.1,3,NA
1,2,6/25/2015,7/1/2015,1,C2.1.1,4,NA
1,2,6/25/2015,7/1/2015,1,C2.1.1,5,NA
1,2,6/25/2015,7/1/2015,1,C2.1.1,6,NA
1,2,6/25/2015,7/1/2015,2,C2.1.2,1,NA
1,2,6/25/2015,7/1/2015,2,C2.1.2,2,NA
1,2,6/25/2015,7/1/2015,2,C2.1.2,3,NA
1,2,6/25/2015,7/1/2015,2,C2.1.2,4,NA
1,2,6/25/2015,7/1/2015,2,C2.1.2,5,NA
1,2,6/25/2015,7/1/2015,2,C2.1.2,6,NA
1,3,6/25/2015,7/1/2015,1,C3.1.1,1,NA
1,3,6/25/2015,7/1/2015,1,C3.1.1,2,NA
1,3,6/25/2015,7/1/2015,1,C3.1.1,3,NA
1,3,6/25/2015,7/1/2015,1,C3.1.1,4,NA
1,3,6/25/2015,7/1/2015,1,C3.1.1,5,NA
1,3,6/25/2015,7/1/2015,1,C3.1.1,6,NA
1,3,6/25/2015,7/1/2015,2,C3.1.2,1,NA
1,3,6/25/2015,7/1/2015,2,C3.1.2,2,NA
1,3,6/25/2015,7/1/2015,2,C3.1.2,3,NA
1,3,6/25/2015,7/1/2015,2,C3.1.2,4,NA
1,3,6/25/2015,7/1/2015,2,C3.1.2,5,NA
1,3,6/25/2015,7/1/2015,2,C3.1.2,6,NA
1,4,6/25/2015,7/1/2015,1,C4.1.1,1,NA
1,4,6/25/2015,7/1/2015,1,C4.1.1,2,NA
1,4,6/25/2015,7/1/2015,1,C4.1.1,3,NA
1,4,6/25/2015,7/1/2015,1,C4.1.1,4,NA
1,4,6/25/2015,7/1/2015,1,C4.1.1,5,NA
1,4,6/25/2015,7/1/2015,1,C4.1.1,6,NA
1,4,6/25/2015,7/1/2015,2,C4.1.2,1,NA
1,4,6/25/2015,7/1/2015,2,C4.1.2,2,NA
1,4,6/25/2015,7/1/2015,2,C4.1.2,3,NA
1,4,6/25/2015,7/1/2015,2,C4.1.2,4,NA
1,4,6/25/2015,7/1/2015,2,C4.1.2,5,NA
1,4,6/25/2015,7/1/2015,2,C4.1.2,6,NA
1,5,6/25/2015,7/1/2015,1,C5.1.1,1,4
1,5,6/25/2015,7/1/2015,1,C5.1.1,2,4
1,5,6/25/2015,7/1/2015,1,C5.1.1,3,4
1,5,6/25/2015,7/1/2015,1,C5.1.1,4,4
1,5,6/25/2015,7/1/2015,1,C5.1.1,5,4
1,5,6/25/2015,7/1/2015,1,C5.1.1,6,4
1,5,6/25/2015,7/1/2015,2,C5.1.2,1,5
1,5,6/25/2015,7/1/2015,2,C5.1.2,2,5
1,5,6/25/2015,7/1/2015,2,C5.1.2,3,5
1,5,6/25/2015,7/1/2015,2,C5.1.2,4,5
1,5,6/25/2015,7/1/2015,2,C5.1.2,5,5
1,6,6/25/2015,7/1/2015,2,C5.1.2,6,5
1,6,6/25/2015,7/1/2015,1,C6.1.1,1,5
1,6,6/25/2015,7/1/2015,1,C6.1.1,2,5
1,6,6/25/2015,7/1/2015,1,C6.1.1,3,5
1,6,6/25/2015,7/1/2015,1,C6.1.1,4,5
1,6,6/25/2015,7/1/2015,1,C6.1.1,5,5
1,6,6/25/2015,7/1/2015,1,C6.1.1,6,5
1,6,6/25/2015,7/1/2015,2,C6.1.2,1,5
1,6,6/25/2015,7/1/2015,2,C6.1.2,2,5
1,6,6/25/2015,7/1/2015,2,C6.1.2,3,5
1,6,6/25/2015,7/1/2015,2,C6.1.2,4,5
1,6,6/25/2015,7/1/2015,2,C6.1.2,5,5
1,6,6/25/2015,7/1/2015,2,C6.1.2,6,5
1,15,6/25/2015,7/1/2015,1,C15.1.1,1,NA
1,15,6/25/2015,7/1/2015,1,C15.1.1,2,NA
1,15,6/25/2015,7/1/2015,1,C15.1.1,3,NA
1,15,6/25/2015,7/1/2015,1,C15.1.1,4,NA
1,15,6/25/2015,7/1/2015,1,C15.1.1,5,NA
1,15,6/25/2015,7/1/2015,1,C15.1.1,6,NA
1,15,6/25/2015,7/1/2015,2,C15.1.2,1,NA
1,15,6/25/2015,7/1/2015,2,C15.1.2,2,NA
1,15,6/25/2015,7/1/2015,2,C15.1.2,3,NA
1,15,6/25/2015,7/1/2015,2,C15.1.2,4,NA
1,15,6/25/2015,7/1/2015,2,C15.1.2,5,NA
1,15,6/25/2015,7/1/2015,2,C15.1.2,6,NA
1,16,6/25/2015,7/1/2015,1,C16.1.1,1,NA
1,16,6/25/2015,7/1/2015,1,C16.1.1,2,NA
1,16,6/25/2015,7/1/2015,1,C16.1.1,3,NA
1,16,6/25/2015,7/1/2015,1,C16.1.1,4,NA
1,16,6/25/2015,7/1/2015,1,C16.1.1,5,NA
1,16,6/25/2015,7/1/2015,1,C16.1.1,6,NA
1,16,6/25/2015,7/1/2015,2,C16.1.2,1,NA
1,16,6/25/2015,7/1/2015,2,C16.1.2,2,NA
1,16,6/25/2015,7/1/2015,2,C16.1.2,3,NA
1,16,6/25/2015,7/1/2015,2,C16.1.2,4,NA
1,16,6/25/2015,7/1/2015,2,C16.1.2,5,NA
1,16,6/25/2015,7/1/2015,2,C16.1.2,6,NA
1,17,6/25/2015,7/1/2015,1,C17.1.1,1,NA
1,17,6/25/2015,7/1/2015,1,C17.1.1,2,NA
1,17,6/25/2015,7/1/2015,1,C17.1.1,3,NA
1,17,6/25/2015,7/1/2015,1,C17.1.1,4,NA
1,17,6/25/2015,7/1/2015,1,C17.1.1,5,NA
1,17,6/25/2015,7/1/2015,1,C17.1.1,6,NA
1,17,6/25/2015,7/1/2015,2,C17.1.2,1,NA
1,17,6/25/2015,7/1/2015,2,C17.1.2,2,NA
1,17,6/25/2015,7/1/2015,2,C17.1.2,3,NA
1,17,6/25/2015,7/1/2015,2,C17.1.2,4,NA
1,17,6/25/2015,7/1/2015,2,C17.1.2,5,NA
1,17,6/25/2015,7/1/2015,2,C17.1.2,6,NA
1,18,6/25/2015,7/1/2015,1,C18.1.1,1,5
1,18,6/25/2015,7/1/2015,1,C18.1.1,2,5
1,18,6/25/2015,7/1/2015,1,C18.1.1,3,4
1,18,6/25/2015,7/1/2015,1,C18.1.1,4,5
1,18,6/25/2015,7/1/2015,1,C18.1.1,5,4
1,18,6/25/2015,7/1/2015,1,C18.1.1,6,5
1,18,6/25/2015,7/1/2015,2,C18.1.2,1,3
1,18,6/25/2015,7/1/2015,2,C18.1.2,2,3
1,18,6/25/2015,7/1/2015,2,C18.1.2,3,3
1,18,6/25/2015,7/1/2015,2,C18.1.2,4,3
1,18,6/25/2015,7/1/2015,2,C18.1.2,5,5
1,18,6/25/2015,7/1/2015,2,C18.1.2,6,3
1,19,6/25/2015,7/1/2015,1,C19.1.1,1,3
1,19,6/25/2015,7/1/2015,1,C19.1.1,2,4
1,19,6/25/2015,7/1/2015,1,C19.1.1,3,3
1,19,6/25/2015,7/1/2015,1,C19.1.1,4,3
1,19,6/25/2015,7/1/2015,1,C19.1.1,5,4
1,19,6/25/2015,7/1/2015,1,C19.1.1,6,3
1,19,6/25/2015,7/1/2015,2,C19.1.2,1,3
1,19,6/25/2015,7/1/2015,2,C19.1.2,2,3
1,19,6/25/2015,7/1/2015,2,C19.1.2,3,4
1,19,6/25/2015,7/1/2015,2,C19.1.2,4,5
1,19,6/25/2015,7/1/2015,2,C19.1.2,5,3
1,19,6/25/2015,7/1/2015,2,C19.1.2,6,4
1,20,6/25/2015,7/1/2015,1,C20.1.1,1,3
1,20,6/25/2015,7/1/2015,1,C20.1.1,2,5
1,20,6/25/2015,7/1/2015,1,C20.1.1,3,5
1,20,6/25/2015,7/1/2015,1,C20.1.1,4,5
1,20,6/25/2015,7/1/2015,1,C20.1.1,5,5
1,20,6/25/2015,7/1/2015,1,C20.1.1,6,5
1,20,6/25/2015,7/1/2015,2,C20.1.2,1,3
1,20,6/25/2015,7/1/2015,2,C20.1.2,2,5
1,20,6/25/2015,7/1/2015,2,C20.1.2,3,5
1,20,6/25/2015,7/1/2015,2,C20.1.2,4,5
1,20,6/25/2015,7/1/2015,2,C20.1.2,5,4
1,20,6/25/2015,7/1/2015,2,C20.1.2,6,5
2,1,7/2/2015,,1,C1.2.1,1,NA
2,1,7/2/2015,,1,C1.2.1,2,NA
2,1,7/2/2015,,1,C1.2.1,3,NA
2,1,7/2/2015,,1,C1.2.1,4,NA
2,1,7/2/2015,,1,C1.2.1,5,NA
2,1,7/2/2015,,1,C1.2.1,6,NA
2,1,7/2/2015,,2,C1.2.2,1,NA
2,1,7/2/2015,,2,C1.2.2,2,NA
2,1,7/2/2015,,2,C1.2.2,3,NA
2,1,7/2/2015,,2,C1.2.2,4,NA
2,1,7/2/2015,,2,C1.2.2,5,NA
2,1,7/2/2015,,2,C1.2.2,6,NA
2,2,7/2/2015,,1,C2.2.1,1,NA
2,2,7/2/2015,,1,C2.2.1,2,NA
2,2,7/2/2015,,1,C2.2.1,3,NA
2,2,7/2/2015,,1,C2.2.1,4,NA
2,2,7/2/2015,,1,C2.2.1,5,NA
2,2,7/2/2015,,1,C2.2.1,6,NA
2,2,7/2/2015,,2,C2.2.2,1,NA
2,2,7/2/2015,,2,C2.2.2,2,NA
2,2,7/2/2015,,2,C2.2.2,3,NA
2,2,7/2/2015,,2,C2.2.2,4,NA
2,2,7/2/2015,,2,C2.2.2,5,NA
2,2,7/2/2015,,2,C2.2.2,6,NA
2,3,7/2/2015,,1,C3.2.1,1,NA
2,3,7/2/2015,,1,C3.2.1,2,NA
2,3,7/2/2015,,1,C3.2.1,3,NA
2,3,7/2/2015,,1,C3.2.1,4,NA
2,3,7/2/2015,,1,C3.2.1,5,NA
2,3,7/2/2015,,1,C3.2.1,6,NA
2,3,7/2/2015,,2,C3.2.2,1,1
2,3,7/2/2015,,2,C3.2.2,2,4
2,3,7/2/2015,,2,C3.2.2,3,3
2,3,7/2/2015,,2,C3.2.2,4,3
2,3,7/2/2015,,2,C3.2.2,5,3
2,3,7/2/2015,,2,C3.2.2,6,1
2,4,7/2/2015,,1,C4.2.1,1,NA
2,4,7/2/2015,,1,C4.2.1,2,NA
2,4,7/2/2015,,1,C4.2.1,3,NA
2,4,7/2/2015,,1,C4.2.1,4,NA
2,4,7/2/2015,,1,C4.2.1,5,NA
2,4,7/2/2015,,1,C4.2.1,6,NA
2,4,7/2/2015,,2,C4.2.2,1,5
2,4,7/2/2015,,2,C4.2.2,2,5
2,4,7/2/2015,,2,C4.2.2,3,5
2,4,7/2/2015,,2,C4.2.2,4,4
2,4,7/2/2015,,2,C4.2.2,5,5
2,4,7/2/2015,,2,C4.2.2,6,4
2,5,7/2/2015,,1,C5.2.1,1,5
2,5,7/2/2015,,1,C5.2.1,2,5
2,5,7/2/2015,,1,C5.2.1,3,4
2,5,7/2/2015,,1,C5.2.1,4,4
2,5,7/2/2015,,1,C5.2.1,5,5
2,5,7/2/2015,,1,C5.2.1,6,5
2,5,7/2/2015,,2,C5.2.2,1,5
2,5,7/2/2015,,2,C5.2.2,2,5
2,5,7/2/2015,,2,C5.2.2,3,5
2,5,7/2/2015,,2,C5.2.2,4,5
2,5,7/2/2015,,2,C5.2.2,5,5
2,6,7/2/2015,,2,C5.2.2,6,5
2,6,7/2/2015,,1,C6.2.1,1,5
2,6,7/2/2015,,1,C6.2.1,2,5
2,6,7/2/2015,,1,C6.2.1,3,5
2,6,7/2/2015,,1,C6.2.1,4,5
2,6,7/2/2015,,1,C6.2.1,5,5
2,6,7/2/2015,,1,C6.2.1,6,3
2,6,7/2/2015,,2,C6.2.2,1,4
2,6,7/2/2015,,2,C6.2.2,2,4
2,6,7/2/2015,,2,C6.2.2,3,4
2,6,7/2/2015,,2,C6.2.2,4,4
2,6,7/2/2015,,2,C6.2.2,5,3
2,6,7/2/2015,,2,C6.2.2,6,4
2,15,7/2/2015,,1,C15.2.1,1,NA
2,15,7/2/2015,,1,C15.2.1,2,NA
2,15,7/2/2015,,1,C15.2.1,3,NA
2,15,7/2/2015,,1,C15.2.1,4,NA
2,15,7/2/2015,,1,C15.2.1,5,NA
2,15,7/2/2015,,1,C15.2.1,6,NA
2,15,7/2/2015,,2,C15.2.2,1,NA
2,15,7/2/2015,,2,C15.2.2,2,NA
2,15,7/2/2015,,2,C15.2.2,3,NA
2,15,7/2/2015,,2,C15.2.2,4,NA
2,15,7/2/2015,,2,C15.2.2,5,NA
2,15,7/2/2015,,2,C15.2.2,6,NA
2,16,7/2/2015,,1,C16.2.1,1,NA
2,16,7/2/2015,,1,C16.2.1,2,NA
2,16,7/2/2015,,1,C16.2.1,3,NA
2,16,7/2/2015,,1,C16.2.1,4,NA
2,16,7/2/2015,,1,C16.2.1,5,NA
2,16,7/2/2015,,1,C16.2.1,6,NA
2,16,7/2/2015,,2,C16.2.2,1,NA
2,16,7/2/2015,,2,C16.2.2,2,NA
2,16,7/2/2015,,2,C16.2.2,3,NA
2,16,7/2/2015,,2,C16.2.2,4,NA
2,16,7/2/2015,,2,C16.2.2,5,NA
2,16,7/2/2015,,2,C16.2.2,6,NA
2,17,7/2/2015,,1,C17.2.1,1,3
2,17,7/2/2015,,1,C17.2.1,2,4
2,17,7/2/2015,,1,C17.2.1,3,4
2,17,7/2/2015,,1,C17.2.1,4,5
2,17,7/2/2015,,1,C17.2.1,5,4
2,17,7/2/2015,,1,C17.2.1,6,4
2,17,7/2/2015,,2,C17.2.2,1,NA
2,17,7/2/2015,,2,C17.2.2,2,NA
2,17,7/2/2015,,2,C17.2.2,3,NA
2,17,7/2/2015,,2,C17.2.2,4,NA
2,17,7/2/2015,,2,C17.2.2,5,NA
2,17,7/2/2015,,2,C17.2.2,6,NA
2,18,7/2/2015,,1,C18.2.1,1,3
2,18,7/2/2015,,1,C18.2.1,2,5
2,18,7/2/2015,,1,C18.2.1,3,4
2,18,7/2/2015,,1,C18.2.1,4,4
2,18,7/2/2015,,1,C18.2.1,5,5
2,18,7/2/2015,,1,C18.2.1,6,4
2,18,7/2/2015,,2,C18.2.2,1,4
2,18,7/2/2015,,2,C18.2.2,2,4
2,18,7/2/2015,,2,C18.2.2,3,4
2,18,7/2/2015,,2,C18.2.2,4,4
2,18,7/2/2015,,2,C18.2.2,5,4
2,18,7/2/2015,,2,C18.2.2,6,4
2,19,7/2/2015,,1,C19.2.1,1,4
2,19,7/2/2015,,1,C19.2.1,2,5
2,19,7/2/2015,,1,C19.2.1,3,4
2,19,7/2/2015,,1,C19.2.1,4,4
2,19,7/2/2015,,1,C19.2.1,5,4
2,19,7/2/2015,,1,C19.2.1,6,4
2,19,7/2/2015,,2,C19.2.2,1,4
2,19,7/2/2015,,2,C19.2.2,2,4
2,19,7/2/2015,,2,C19.2.2,3,4
2,19,7/2/2015,,2,C19.2.2,4,4
2,19,7/2/2015,,2,C19.2.2,5,3
2,19,7/2/2015,,2,C19.2.2,6,5
2,20,7/2/2015,,1,C20.2.1,1,NA
2,20,7/2/2015,,1,C20.2.1,2,NA
2,20,7/2/2015,,1,C20.2.1,3,NA
2,20,7/2/2015,,1,C20.2.1,4,NA
2,20,7/2/2015,,1,C20.2.1,5,NA
2,20,7/2/2015,,1,C20.2.1,6,NA
2,20,7/2/2015,,2,C20.2.2,1,NA
2,20,7/2/2015,,2,C20.2.2,2,NA
2,20,7/2/2015,,2,C20.2.2,3,NA
2,20,7/2/2015,,2,C20.2.2,4,NA
2,20,7/2/2015,,2,C20.2.2,5,NA
2,20,7/2/2015,,2,C20.2.2,6,NA
3,1,,,1,C1.3.1,1,
3,1,,,1,C1.3.1,2,
3,1,,,1,C1.3.1,3,
3,1,,,1,C1.3.1,4,
3,1,,,1,C1.3.1,5,
3,1,,,1,C1.3.1,6,
3,1,,,2,C1.3.2,1,
3,1,,,2,C1.3.2,2,
3,1,,,2,C1.3.2,3,
3,1,,,2,C1.3.2,4,
3,1,,,2,C1.3.2,5,
3,1,,,2,C1.3.2,6,
3,2,,,1,C2.3.1,1,
3,2,,,1,C2.3.1,2,
3,2,,,1,C2.3.1,3,
3,2,,,1,C2.3.1,4,
3,2,,,1,C2.3.1,5,
3,2,,,1,C2.3.1,6,
3,2,,,2,C2.3.2,1,
3,2,,,2,C2.3.2,2,
3,2,,,2,C2.3.2,3,
3,2,,,2,C2.3.2,4,
3,2,,,2,C2.3.2,5,
3,2,,,2,C2.3.2,6,
3,3,,,1,C3.3.1,1,
3,3,,,1,C3.3.1,2,
3,3,,,1,C3.3.1,3,
3,3,,,1,C3.3.1,4,
3,3,,,1,C3.3.1,5,
3,3,,,1,C3.3.1,6,
3,3,,,2,C3.3.2,1,
3,3,,,2,C3.3.2,2,
3,3,,,2,C3.3.2,3,
3,3,,,2,C3.3.2,4,
3,3,,,2,C3.3.2,5,
3,3,,,2,C3.3.2,6,
3,4,,,1,C4.3.1,1,
3,4,,,1,C4.3.1,2,
3,4,,,1,C4.3.1,3,
3,4,,,1,C4.3.1,4,
3,4,,,1,C4.3.1,5,
3,4,,,1,C4.3.1,6,
3,4,,,2,C4.3.2,1,
3,4,,,2,C4.3.2,2,
3,4,,,2,C4.3.2,3,
3,4,,,2,C4.3.2,4,
3,4,,,2,C4.3.2,5,
3,4,,,2,C4.3.2,6,
3,5,,,1,C5.3.1,1,
3,5,,,1,C5.3.1,2,
3,5,,,1,C5.3.1,3,
3,5,,,1,C5.3.1,4,
3,5,,,1,C5.3.1,5,
3,5,,,1,C5.3.1,6,
3,5,,,2,C5.3.2,1,
3,5,,,2,C5.3.2,2,
3,5,,,2,C5.3.2,3,
3,5,,,2,C5.3.2,4,
3,5,,,2,C5.3.2,5,
3,6,,,2,C5.3.2,6,
3,6,,,1,C6.3.1,1,
3,6,,,1,C6.3.1,2,
3,6,,,1,C6.3.1,3,
3,6,,,1,C6.3.1,4,
3,6,,,1,C6.3.1,5,
3,6,,,1,C6.3.1,6,
3,6,,,2,C6.3.2,1,
3,6,,,2,C6.3.2,2,
3,6,,,2,C6.3.2,3,
3,6,,,2,C6.3.2,4,
3,6,,,2,C6.3.2,5,
3,6,,,2,C6.3.2,6,
3,15,,,1,C15.3.1,1,
3,15,,,1,C15.3.1,2,
3,15,,,1,C15.3.1,3,
3,15,,,1,C15.3.1,4,
3,15,,,1,C15.3.1,5,
3,15,,,1,C15.3.1,6,
3,15,,,2,C15.3.2,1,
3,15,,,2,C15.3.2,2,
3,15,,,2,C15.3.2,3,
3,15,,,2,C15.3.2,4,
3,15,,,2,C15.3.2,5,
3,15,,,2,C15.3.2,6,
3,16,,,1,C16.3.1,1,
3,16,,,1,C16.3.1,2,
3,16,,,1,C16.3.1,3,
3,16,,,1,C16.3.1,4,
3,16,,,1,C16.3.1,5,
3,16,,,1,C16.3.1,6,
3,16,,,2,C16.3.2,1,
3,16,,,2,C16.3.2,2,
3,16,,,2,C16.3.2,3,
3,16,,,2,C16.3.2,4,
3,16,,,2,C16.3.2,5,
3,16,,,2,C16.3.2,6,
3,17,,,1,C17.3.1,1,
3,17,,,1,C17.3.1,2,
3,17,,,1,C17.3.1,3,
3,17,,,1,C17.3.1,4,
3,17,,,1,C17.3.1,5,
3,17,,,1,C17.3.1,6,
3,17,,,2,C17.3.2,1,
3,17,,,2,C17.3.2,2,
3,17,,,2,C17.3.2,3,
3,17,,,2,C17.3.2,4,
3,17,,,2,C17.3.2,5,
3,17,,,2,C17.3.2,6,
3,18,,,1,C18.3.1,1,
3,18,,,1,C18.3.1,2,
3,18,,,1,C18.3.1,3,
3,18,,,1,C18.3.1,4,
3,18,,,1,C18.3.1,5,
3,18,,,1,C18.3.1,6,
3,18,,,2,C18.3.2,1,
3,18,,,2,C18.3.2,2,
3,18,,,2,C18.3.2,3,
3,18,,,2,C18.3.2,4,
3,18,,,2,C18.3.2,5,
3,18,,,2,C18.3.2,6,
3,19,,,1,C19.3.1,1,
3,19,,,1,C19.3.1,2,
3,19,,,1,C19.3.1,3,
3,19,,,1,C19.3.1,4,
3,19,,,1,C19.3.1,5,
3,19,,,1,C19.3.1,6,
3,19,,,2,C19.3.2,1,
3,19,,,2,C19.3.2,2,
3,19,,,2,C19.3.2,3,
3,19,,,2,C19.3.2,4,
3,19,,,2,C19.3.2,5,
3,19,,,2,C19.3.2,6,
3,20,,,1,C20.3.1,1,
3,20,,,1,C20.3.1,2,
3,20,,,1,C20.3.1,3,
3,20,,,1,C20.3.1,4,
3,20,,,1,C20.3.1,5,
3,20,,,1,C20.3.1,6,
3,20,,,2,C20.3.2,1,
3,20,,,2,C20.3.2,2,
3,20,,,2,C20.3.2,3,
3,20,,,2,C20.3.2,4,
3,20,,,,C20.3.2,5,
3,20,,,,C20.3.2,6,
